"作業ID","作業者","作業者ページURL","承認日時","1. あなたの性別を入力してください","","2. あなたの年齢を入力してください","4. サイトで登録した「ユーザー名」を入力してください"
"63625406","psych","http://crowdworks.jp/public/employees/3327831","2022-11-08 15:06:56","1","男性","35","psych"
"63625411","OQUILLE","http://crowdworks.jp/public/employees/4967809","2022-11-08 15:07:03","1","男性","37","shobota"
"63625413","yaiko2","http://crowdworks.jp/public/employees/4508331","2022-11-08 15:07:04","2","女性","32","yaiko2"
"63625422","SYHL24","http://crowdworks.jp/public/employees/4421182","2022-11-08 15:07:05","1","男性","28","SYHL24"
"63625423","rag_55","http://crowdworks.jp/public/employees/2141268","2022-11-08 15:07:06","1","男性","47","rag_55"
"63625421","tenkamt","http://crowdworks.jp/public/employees/95866","2022-11-08 15:11:48","1","男性","46","tenkamt02"
"63625425","e1w9","http://crowdworks.jp/public/employees/1523496","2022-11-08 15:11:54","2","女性","30","e1w9"
"63625431","yocchi0520","http://crowdworks.jp/public/employees/1791041","2022-11-08 15:11:55","1","男性","39","yocchi0520"
"63625437","nekota108","http://crowdworks.jp/public/employees/3693076","2022-11-08 15:12:47","1","男性","34","idaha29"
"63625445","daobenzhimei27","http://crowdworks.jp/public/employees/4072554","2022-11-08 15:12:48","2","女性","45歳","daobenzhimei27@gmail.com"
"63625452","rikerin","http://crowdworks.jp/public/employees/4771775","2022-11-08 15:12:49","2","女性","60","rikerin"
"63625453","kouhei2014024","http://crowdworks.jp/public/employees/5138531","2022-11-08 15:12:49","1","男性","30","kouhei1992"
"63625456","こーじー","http://crowdworks.jp/public/employees/367640","2022-11-08 15:12:49","1","男性","50","kouji"
"63625465","CWU19","http://crowdworks.jp/public/employees/297683","2022-11-08 15:13:04","1","男性","45","cwu19"
"63625435","blue island ","http://crowdworks.jp/public/employees/94338","2022-11-08 15:13:17","2","女性","30","nyantakun5"
"63625468","ritchie.dw","http://crowdworks.jp/public/employees/275026","2022-11-08 15:13:22","1","男性","47","ritchie.dw"
"63625470","conicomi","http://crowdworks.jp/public/employees/276409","2022-11-08 15:13:29","1","男性","49","emina"
"63626939","hyoukai76","http://crowdworks.jp/public/employees/839571","2022-11-08 15:14:16","2","女性","41","perunsa888"
"63625472","fumygo","http://crowdworks.jp/public/employees/603644","2022-11-08 15:14:18","1","男性","33","fumygo"
"63626948","mitubati555","http://crowdworks.jp/public/employees/4189255","2022-11-08 15:14:18","1","男性","33","mitubati555"
"63626952","kei_0107","http://crowdworks.jp/public/employees/3316346","2022-11-08 15:14:19","1","男性","27","kei_0107"
"63626953","匿名135","http://crowdworks.jp/public/employees/804422","2022-11-08 15:14:20","1","男性","44","tokumei135"
"63626957","ash4949","http://crowdworks.jp/public/employees/4550563","2022-11-08 15:14:26","2","女性","26","ash4949"
"63626959","yellowstones","http://crowdworks.jp/public/employees/4632782","2022-11-08 15:14:27","1","男性","37","yellowstones"
"63626975","michiko0257","http://crowdworks.jp/public/employees/3554155","2022-11-08 15:14:28","2","女性","38","michiko0257"
